faktor,seviye,sapma_ort,toparlanma_ort,skor_ort,enerji_ort
A,Dusuk,1.818125,145.375,7.340625,8.263125
A,Yuksek,3.885,177.875,8.519375,11.64375
B,Kisa,2.523125,131.3125,8.363125,8.814375
B,Uzun,3.18,191.9375,7.496875,11.0925
C,Dusuk,2.575,136.8125,7.835625,8.82
C,Yuksek,3.128125,186.4375,8.024375000000001,11.086875000000001
D,Dusuk,3.0875,176.25,7.754375,9.54125
D,Yuksek,2.615625,147,8.105625,10.365625
